Provinsi,Jumlah
Sumatera Utara,1263
Sulawesi Selatan,924
Nusa Tenggara Barat,919
Jawa Timur,842
Jawa Barat,688
Nusa Tenggara Timur,596
Papua,402
Sumatera Selatan,397
Banten,342
D.K.I. Jakarta,337
Aceh,299
Sulawesi Tengah,270
Maluku,262
Lampung,261
Sumatera Barat,241
Riau,232
Sulawesi Tenggara,211
Jambi,191
Gorontalo,168
Kalimantan Barat,167
Jawa Tengah,166
Sulawesi Utara,154
Bengkulu,119
Kalimantan Tengah,104
Maluku Utara,103
Sulawesi Barat,82
Kalimantan Timur,75
Papua Barat,72
Kalimantan Selatan,62
Kepulauan Riau,61
Kep. Bangka Belitung,23
Bali,21
Kalimantan Utara,16
D.I. Yogyakarta,5
